,City,Type,January_2013,February_2013,March_2013,April_2013,May_2013,June_2013,July_2013,August_2013,September_2013,October_2013,November_2013,December_2013,January_2014,February_2014,March_2014,April_2014,May_2014,June_2014,July_2014,August_2014,September_2014,October_2014,November_2014,December_2014,January_2015,February_2015,March_2015,April_2015,May_2015,June_2015,July_2015,August_2015,September_2015,October_2015,November_2015,December_2015,January_2016,February_2016,March_2016,April_2016,May_2016,June_2016,July_2016,August_2016,September_2016,October_2016,November_2016,December_2016,January_2017,February_2017,March_2017,April_2017,May_2017,June_2017,July_2017,August_2017,September_2017,October_2017,November_2017,December_2017,January_2018,February_2018,March_2018,April_2018,May_2018,June_2018,July_2018,August_2018,September_2018,October_2018,November_2018,December_2018,January_2019,February_2019,March_2019,April_2019,May_2019,June_2019,July_2019,August_2019,September_2019,October_2019,November_2019,December_2019,January_2020,February_2020,March_2020,April_2020,May_2020,June_2020,July_2020,August_2020,September_2020,October_2020,November_2020,December_2020,January_2021,February_2021,March_2021,April_2021,May_2021,June_2021,July_2021,August_2021,September_2021,October_2021,November_2021,December_2021,January_2022,February_2022,March_2022,April_2022,May_2022,June_2022,July_2022,August_2022,September_2022,October_2022,November_2022,December_2022,January_2023,February_2023,March_2023,April_2023,May_2023,June_2023,July_2023,August_2023,September_2023,October_2023,November_2023,December_2023
0,Bakı şəhəri üzrə,0,1089.28,1091.72,1084.17,1099.51,1135.4,1152.67,1158.92,1187.8,1233.33,1259.31,1263.28,1293.11,1313.15,1373.52,1449.23,1457.01,1495.64,1502.02,1490.32,1509.99,1520.83,1529.59,1519.2,1502.05,1463.36,1463.36,1527.96,1539.98,1523.19,1503.08,1477.83,1458.91,1416.41,1373.51,1332.85,1332.85,1363.37,1409.64,1429.28,1427.59,1410.74,1413.92,1398.55,1412.81,1408.28,1423.02,1455.62,1443.08,1442.47,1452.79,1458.11,1443.86,1441.44,1431.29,1424.4,1422.45,1418.44,1435.78,1453.44,1435.95,1431.86,1434.05,1433.18,1433.77,1431.63,1428.04,1436.22,1417.63,1429.65,1429.58,1432.6,1436.62,1443.6,1448.8,1457.36,1445.66,1451.04,1455.95,1463.98,1452.58,1461.74,1475.05,1493.24,1496.5,1512.64,1513.8,1513.8,1479.78,1490.24,1490.74,1470.45,1499.25,1521.89,1521.89,1518.55,1498.67,1499.41,1503.33,1514.77,1524.35,1536.61,1533.08,1551.47,1568.0,1574.88,1587.35,1597.76,1600.5,1605.49,1605.49,1611.79,1611.79,1644.17,1644.17,1662.22,1662.22,1716.62,1716.62,1772.82,1772.82,1883.77,1883.77,1938.33,1938.33,1989.41,1989.41,2053.62,2053.62,2090.32,2090.32,2117.89,2117.89
1,Bakı şəhəri üzrə,2,1047.11,1002.84,98829.0,1053.34,1035.2,1043.27,1070.01,1112.2,1162.07,1193.2,1179.66,1210.55,1238.16,1299.29,1380.88,1386.9,1431.77,1444.83,1432.54,1458.52,1477.49,1476.98,1469.74,1463.61,1422.43,1422.43,1457.63,1473.54,1460.41,1450.73,1429.31,1413.02,1379.32,1344.28,1312.15,1312.15,1361.35,1375.0,1398.18,1408.64,1398.42,1405.67,1392.77,1405.57,1379.03,1403.3,1441.45,1430.79,1437.91,1453.19,1455.14,1435.67,1432.78,1425.16,1401.44,1408.93,1411.21,1434.57,1451.16,1436.05,1423.06,1425.92,1424.64,1432.56,1430.57,1421.19,1430.33,1417.45,1430.77,1427.66,1438.23,1444.0,1447.21,1443.46,1458.19,1445.78,1448.18,1455.61,1466.67,1465.72,1465.05,1489.4,1509.62,1507.73,1530.57,1531.47,1531.47,1504.54,1506.87,1513.22,1498.55,1521.62,1540.15,1540.15,1531.97,1517.01,1521.21,1529.24,1543.64,1556.06,1576.24,1576.03,1594.03,1604.86,1612.8,1624.87,1638.09,1642.42,1647.53,1647.53,1652.0,1652.0,1685.78,1685.78,1708.77,1708.77,1777.33,1777.33,1817.22,1817.22,1934.26,1934.26,1984.59,1984.59,2042.81,2042.81,2095.73,2095.73,2139.64,2139.64,2169.88,2169.88
2,Bakı şəhəri üzrə,1,1174.98,1195.16,1180.05,1174.13,1232.56,1257.75,1248.07,1274.2,1316.56,1340.47,1372.99,1411.68,1426.96,1486.51,1566.93,1571.77,1608.51,1593.61,1579.16,1584.28,1584.9,1605.15,1590.92,1563.94,1521.91,1521.91,1630.88,1639.25,1628.7,1625.23,1582.73,1561.24,1519.67,1466.93,1415.44,1415.44,1441.2,1454.88,1471.62,1452.2,1426.74,1424.18,1406.33,1422.7,1438.0,1449.96,1474.32,1459.81,1448.49,1458.23,1462.1,1454.96,1452.68,1439.64,1441.59,1438.65,1428.1,1437.51,1456.91,1435.8,1444.97,1446.51,1446.17,1435.55,1433.26,1439.0,1445.11,1417.9,1427.94,1432.52,1423.78,1425.2,1438.24,1456.5,1456.16,1445.48,1455.67,1456.48,1459.83,1432.78,1456.65,1451.48,1466.25,1477.72,1481.2,1484.64,1484.64,1439.02,1462.19,1452.4,1424.38,1461.01,1488.5,1488.5,1490.71,1462.19,1458.77,1456.84,1461.43,1467.15,1461.69,1452.64,1470.17,1495.63,1499.48,1509.37,1508.99,1509.77,1515.43,1515.43,1525.14,1525.14,1556.55,1556.55,1563.62,1563.62,1607.2,1607.2,1674.76,1674.76,1764.8,1764.8,1831.79,1831.79,1872.83,1872.83,1959.1,1959.1,1977.03,1977.03,2003.11,2003.11
3,Binəqədi,0,102748.0,1024.17,1028.67,1066.47,1108.62,1072.79,1110.11,1194.62,1224.64,1189.27,1199.33,1226.33,1313.84,1350.32,1375.76,1353.68,1407.13,1408.93,1415.73,1425.99,1420.64,1432.14,1428.31,1413.73,1383.27,1383.27,1422.08,1465.6,1455.57,1438.27,1419.51,1405.26,1363.68,1334.48,1318.88,1318.88,1330.93,1352.57,1364.64,1362.07,1349.62,1342.43,1324.08,1339.74,1325.99,1335.77,1353.19,1358.73,1365.07,1371.81,1386.8,1393.41,1398.79,1393.48,1386.16,1370.18,1364.88,1361.99,1391.71,1376.61,1381.27,1383.47,1379.76,1386.08,1398.12,1390.8,1393.67,1385.24,1359.1,1361.82,1374.43,1383.68,1384.32,1395.06,1397.18,1389.02,1387.47,1392.62,1402.7,1389.06,1403.24,1410.73,1418.64,1416.46,1417.22,1436.56,1436.56,1403.54,1420.58,1426.36,1421.36,1449.28,1449.46,1449.46,1441.17,1430.33,1421.22,1426.37,1440.22,1448.71,1452.15,1433.26,1439.45,1452.54,1455.75,1475.92,1485.22,1485.59,1490.14,1490.14,1506.02,1506.02,1516.62,1516.62,1549.62,1549.62,1589.43,1589.43,1628.32,1628.32,1721.99,1721.99,1791.11,1791.11,1866.31,1866.31,1930.15,1930.15,2001.27,2001.27,2008.26,2008.26
4,Binəqədi,2,99217.0,94448.0,93261.0,99686.0,99256.0,95704.0,1052.69,1136.88,1196.78,1161.79,1183.06,1174.04,1250.53,1311.03,1338.46,1323.79,1385.7,1401.0,1396.09,1415.32,1397.23,1419.63,1393.57,1398.11,1371.08,1371.08,1368.06,1408.7,1399.82,1379.05,1367.6,1378.45,1317.65,1301.31,1297.94,1297.94,1318.06,1355.25,1351.28,1367.6,1354.07,1329.69,1313.0,1327.62,1295.8,1320.9,1338.28,1333.18,1334.48,1355.57,1370.1,1377.49,1387.82,1388.82,1371.74,1357.64,1354.26,1347.12,1386.13,1356.19,1371.8,1371.19,1361.59,1362.86,1383.9,1371.17,1356.71,1385.23,1346.72,1355.42,1380.94,1372.71,1372.5,1381.46,1383.18,1391.1,1396.91,1395.81,1393.94,1394.25,1397.32,1423.27,1437.22,1427.28,1435.83,1449.36,1449.36,1399.81,1435.83,1443.92,1427.95,1447.2,1445.25,1445.25,1428.14,1419.9,1426.08,1439.93,1451.93,1456.49,1462.99,1461.31,1474.61,1483.39,1448.06,1505.99,1510.17,1514.51,1521.27,1521.27,1522.01,1522.01,1536.25,1536.25,1550.21,1550.21,1603.96,1603.96,1644.83,1644.83,1741.54,1741.54,1821.77,1821.77,1897.95,1897.95,1950.86,1950.86,2020.48,2020.48,2011.49,2011.49
5,Binəqədi,1,1066.04,1099.78,1124.07,1156.01,1189.75,1203.91,1174.21,1260.46,1253.5,1226.06,1229.07,1316.56,1388.67,1399.8,1434.71,1398.22,1446.13,1421.17,1446.83,1439.29,1447.61,1443.64,1463.32,1434.87,1392.82,1392.82,1482.96,1529.38,1519.29,1514.74,1483.87,1442.71,1423.91,1381.2,1348.96,1348.96,1347.11,1349.24,1382.74,1354.9,1349.62,1356.97,1339.48,1359.1,1364.48,1352.82,1371.63,1389.66,1399.75,1393.5,1409.33,1412.92,1410.06,1399.29,1404.62,1386.31,1379.12,1380.79,1398.84,1401.64,1392.02,1397.87,1401.23,1411.69,1415.48,1415.3,1432.29,1412.26,1371.17,1368.31,1367.7,1396.3,1397.26,1409.47,1411.72,1386.99,1376.31,1389.09,1411.0,1383.68,1410.07,1397.8,1401.17,1405.35,1395.52,1423.84,1423.84,1407.09,1405.99,1407.4,1415.72,1451.26,1454.23,1454.23,1454.8,1440.35,1416.94,1412.92,1427.25,1440.14,1439.78,1401.18,1403.11,1420.58,1419.87,1441.58,1456.91,145268.0,1457.5,1457.5,1488.88,1488.88,1491.47,1491.47,1549.95,1549.95,1569.34,1569.34,1603.71,1603.71,1694.44,1694.44,1751.72,1751.72,1828.93,1828.93,1906.11,1906.11,1974.4,1974.4,2003.26,2003.26
6,Nizami,0,82377.0,90751.0,92388.0,93128.0,97534.0,99648.0,99983.0,1046.73,1067.43,1081.06,1082.26,1098.92,1175.52,1227.65,1274.03,1290.61,1280.61,1298.72,1279.84,1295.64,1297.62,1301.75,1300.06,1286.81,1260.41,1260.41,1344.41,1377.2,1347.01,1345.23,1342.06,1308.93,1274.82,1237.46,1197.86,1197.86,1201.28,1231.59,1226.08,1251.01,1249.18,1241.55,1238.33,1255.99,1252.04,1237.19,1246.76,1243.66,1251.36,1271.07,1274.9,1255.71,1267.61,1266.76,1267.41,1268.39,1277.77,1270.7,1286.74,1272.11,1291.86,1307.06,1308.19,1302.7,1297.7,1296.92,1294.55,1288.88,1308.33,1304.46,1301.91,1303.11,1294.81,1302.61,1303.1,1302.92,1304.96,1294.64,1306.17,1320.02,1314.66,1324.17,1334.16,1338.72,1339.83,1348.27,1348.27,1338.58,1367.31,1370.39,1366.08,1371.74,1390.53,1390.53,1376.56,1368.74,1385.55,1405.43,1417.45,1412.09,1403.03,1395.09,1402.32,1417.12,1422.25,1438.18,1443.86,1456.66,1475.27,1475.27,1489.07,1489.07,1529.41,1529.41,1531.81,1531.81,1595.77,1595.77,1634.15,1634.15,1764.27,1764.27,1819.03,1819.03,1890.3,1890.3,1951.69,1951.69,1994.86,1994.86,2022.18,2022.18
7,Nizami,2,73191.0,76374.0,80121.0,76959.0,81858.0,85580.0,88610.0,88713.0,92646.0,95521.0,98658.0,98799.0,1031.5,1097.22,1155.06,1166.11,1178.2,1212.81,1214.78,1216.54,1245.89,1212.3,1215.31,1216.19,1194.47,1194.47,1235.27,1261.23,1253.02,1244.09,1228.18,1204.08,1183.64,1170.67,1135.35,1135.35,1133.68,1136.03,1151.73,1164.83,1162.56,1175.82,1173.62,1209.08,1184.7,1161.95,1170.88,1153.18,1178.7,1188.05,1197.58,1197.65,1203.37,1214.79,1215.33,1218.32,1223.4,1225.68,1255.64,1233.33,1255.72,1275.1,1273.09,1269.13,1272.82,1266.35,1270.1,1252.59,1271.69,1274.28,1270.7,1263.0,1255.37,1261.3,1267.08,1272.24,1281.56,1265.53,1276.56,1286.96,1266.65,1282.36,1296.52,1314.8,1308.85,1318.51,1318.51,1308.87,1357.45,1366.47,1353.18,1353.78,1380.92,1380.92,1368.89,1362.46,1381.87,1410.68,1419.49,1412.68,1400.98,1403.06,1403.7,1417.39,1426.98,1448.97,1448.12,1459.15,1476.7,1476.7,1490.69,1490.69,1545.77,1545.77,1537.22,1537.22,1606.42,1606.42,1629.94,1629.94,1767.57,1767.57,1828.22,1828.22,1883.96,1883.96,1948.41,1948.41,1990.21,1990.21,2020.47,2020.47
8,Nizami,1,95987.0,1010.21,1011.95,1094.91,1106.78,1095.83,1090.65,1053.13,1157.35,1170.68,1172.93,1211.03,1297.82,1347.44,1392.54,1404.21,1388.21,1381.79,1343.11,1362.14,1351.2,1385.27,1369.97,1345.14,1309.84,1309.84,1451.89,1495.41,1454.84,1450.53,1425.36,1397.35,1348.01,1291.18,1254.37,1254.37,1255.26,1300.78,1292.8,1314.81,1304.05,1285.86,1285.82,1291.3,1298.57,1286.82,1299.37,1316.14,1315.33,1335.45,1333.51,1305.1,1327.12,1307.02,1311.95,1308.6,1315.72,1301.68,1308.1,1301.9,1322.86,1335.55,1336.23,1328.92,1320.62,1325.66,1319.63,1324.31,1348.23,1339.25,1335.27,1347.83,1339.71,1348.74,1342.21,1338.24,1333.31,1326.01,1340.02,1357.17,1370.7,1376.01,1378.98,1368.55,1378.22,1383.24,1383.24,1376.01,1379.21,1375.52,1382.51,1395.45,1403.65,1403.65,1389.1,1380.13,1391.74,1397.11,1414.11,1411.21,1405.94,1382.51,1400.24,1416.7,1415.18,1421.59,1436.59,1452.74,1472.77,1472.77,1486.29,1486.29,1502.98,1502.98,1522.11,1522.11,1577.21,1577.21,1641.42,1641.42,1758.23,1758.23,1800.69,1800.69,1901.28,1901.28,1958.46,1958.46,2003.42,2003.42,2025.18,2025.18
9,Nərimanov,0,1237.04,1241.64,1241.68,1239.47,1311.86,1329.85,1318.19,1405.76,1427.23,1439.58,1439.03,1448.09,1479.64,1554.46,1595.2,1582.29,1620.01,1631.29,1630.46,1623.85,1667.98,1672.46,1677.44,1671.84,1660.79,1660.79,1724.21,1755.76,1753.53,1740.48,1718.6,1687.04,1630.41,1590.28,1574.55,1574.55,1589.25,1622.82,1610.41,1613.94,1607.07,1644.52,1640.37,1650.84,1642.32,1664.55,1668.34,1662.67,1679.25,1693.11,1699.98,1691.46,1669.57,1668.1,1685.98,1690.02,1686.14,1709.23,1728.6,1725.42,1698.36,1698.46,1705.2,1707.3,1693.68,1673.48,1682.62,1692.11,1695.53,1702.06,1702.78,1715.56,1739.51,1730.46,1708.99,1706.93,1705.36,1681.59,1674.78,1669.72,1665.42,1700.9,1695.73,1701.75,1725.48,1727.56,1727.56,1694.64,1657.67,1676.96,1696.03,1716.09,1707.17,1707.17,1663.08,1654.36,1670.06,1692.14,1699.65,1701.3,1698.84,1692.81,1710.72,1731.93,1763.84,1773.12,1776.42,1788.99,1806.89,1806.89,1808.58,1808.58,1859.17,1859.17,1889.22,1889.22,1961.08,1961.08,2019.05,2019.05,2123.13,2123.13,2176.79,2176.79,2262.62,2262.62,2352.42,2352.42,2437.13,2437.13,2478.35,2478.35
10,Nərimanov,2,1227.05,1205.83,1196.77,1235.23,1259.57,1295.76,1307.37,1374.5,1394.35,1426.63,1380.39,1369.96,1441.19,1524.2,1575.79,1529.72,1571.05,1596.22,1593.55,1597.26,1627.06,1623.1,1643.6,1636.06,1638.26,1638.26,1710.55,1746.36,1735.6,1735.37,1724.38,1696.24,1632.26,1586.66,1575.08,1575.08,1616.28,1663.28,1639.42,1653.4,1649.84,1711.14,1718.53,1722.34,1697.07,1720.93,1724.41,1730.2,1753.55,1764.37,1768.27,1735.47,1724.52,1744.75,1760.81,1758.8,1752.43,1771.75,1790.95,1794.27,1730.16,1737.06,1733.67,1740.28,1732.45,1708.53,1716.53,1732.57,1722.47,1711.86,1711.13,1734.81,1770.73,1761.37,1725.86,1718.2,1717.54,1687.92,1682.4,1677.31,1675.86,1722.51,1712.13,1717.55,1737.55,1742.55,1742.55,1698.43,1633.17,1665.74,1689.85,1715.89,1705.67,1705.67,1652.61,1638.43,1657.55,1684.31,1685.41,1693.58,1696.45,1693.99,1714.15,1740.24,1782.8,1798.35,1796.56,1810.52,1830.31,1830.31,1823.0,1823.0,1874.72,1874.72,1900.63,1900.63,1986.06,1986.06,2035.7,2035.7,2136.36,2136.36,2187.15,2187.15,2268.1,2268.1,2362.45,2362.45,2439.66,2439.66,2474.28,2474.28
11,Nərimanov,1,1254.77,1277.25,1288.68,1245.45,1355.44,1352.48,1324.7,1425.04,1456.59,1451.63,1483.41,1513.56,1522.27,1593.1,1630.38,1677.42,1698.62,1681.87,1685.2,1661.71,1729.14,1737.36,1719.07,1718.83,1685.32,1685.32,1737.16,1468.69,1774.65,1746.59,1711.83,1674.56,1625.07,1594.22,1573.98,1573.98,1560.77,1576.67,1573.64,1569.31,1546.03,1570.05,1556.05,1571.11,1583.68,1598.24,1597.78,1584.77,1596.77,1605.67,1620.1,1640.83,1605.17,1580.74,1604.37,1610.41,1610.33,1631.19,1641.94,1628.99,1650.79,1637.63,1663.34,1659.1,1640.35,1624.06,1638.55,1632.51,1656.16,1687.3,1689.83,1687.9,1692.58,1683.23,1685.45,1690.84,1686.86,1670.87,1661.18,1655.85,1646.01,1654.08,1656.0,1666.06,1694.78,1693.28,1693.28,1686.53,1708.91,1700.44,1712.62,1716.61,1711.45,1711.45,1699.03,1703.75,1702.0,1711.15,1735.66,1719.82,1705.4,1689.43,1701.08,1709.84,1712.7,1700.49,1710.49,1712.02,1728.7,1728.7,1765.34,1765.34,1813.58,1813.58,1853.53,1853.53,1893.72,1893.72,195734.0,195734.0,2053.33,2053.33,2124.68,2124.68,2241.75,2241.75,2304.52,2304.52,2425.85,2425.85,2493.96,2493.96
12,Nəsimi,0,1319.02,1268.24,1270.71,1310.43,1325.14,1369.59,1377.05,1440.12,1465.38,1431.03,1464.58,1560.02,1598.07,1642.37,1707.59,1706.79,1768.79,1762.78,1778.74,1783.53,1792.8,1778.93,1772.82,1766.8,1715.28,1715.28,1796.39,1831.35,1813.07,1786.66,1741.52,1716.02,1676.55,1594.05,1580.77,1580.77,1612.97,1658.93,1675.22,1698.21,1681.71,1695.91,1644.11,1653.08,1676.37,1705.42,1724.23,1717.54,1714.35,1732.34,1726.38,1708.26,1696.1,1680.55,1666.44,1683.55,1691.9,1689.29,1722.57,1699.09,1701.35,1698.51,1718.06,1694.26,1689.41,1696.7,1694.51,1673.95,1704.13,1678.67,1695.23,1697.76,1704.4,1677.46,1689.4,1684.25,1680.08,1692.92,1674.43,1670.05,1707.95,1736.89,1754.95,1748.09,1791.24,1787.96,1787.96,1700.77,1718.99,1724.66,1676.21,1706.58,1720.63,1720.63,1726.92,1717.99,1726.92,1722.92,1732.84,1752.48,1739.42,1729.19,1768.08,1786.78,1778.32,1780.78,1817.42,1823.34,1842.35,1842.35,1834.7,1834.7,1862.76,1862.76,1922.22,1922.22,1971.83,1971.83,2051.04,2051.04,2120.49,2120.49,2184.17,2184.17,2241.7,2241.7,2322.58,2322.58,2357.97,2357.97,2371.51,2371.51
13,Nəsimi,2,1294.31,1189.17,1157.27,1276.75,1283.89,1367.81,1413.09,1453.93,1481.24,1429.48,1469.21,1587.94,1629.67,1650.46,1338.46,1722.31,1766.87,1777.46,1786.99,1801.06,1812.35,1780.01,1785.56,1775.25,1732.13,1732.13,1811.63,1845.84,1817.93,1788.95,1748.61,1735.0,1683.28,1607.01,1597.7,1597.7,1643.65,1655.92,1700.64,1762.26,1757.41,1785.83,1720.37,1725.8,1748.31,1789.13,1805.65,1814.52,1804.29,1820.0,1793.31,1773.23,1761.77,1736.0,1706.0,1695.61,1734.25,1723.08,1762.98,1762.84,1738.36,1723.3,1752.36,1725.36,1727.03,1732.66,1719.08,1692.05,1737.3,1693.86,1742.53,1740.67,1746.26,1693.7,1720.8,1690.81,1677.22,1714.9,1708.22,1717.12,1733.06,1771.58,1790.31,1785.7,1833.05,1813.87,1813.87,1722.75,1735.41,1753.55,1702.6,1733.99,1725.8,1725.8,1747.04,1756.08,1765.82,1759.06,1763.74,1782.21,1763.52,1760.09,1807.45,1829.73,1817.11,1809.21,1835.1,1856.49,1871.06,1871.06,1868.33,1868.33,1879.03,1879.03,1944.67,1944.67,2010.67,2010.67,2087.72,2087.72,2143.54,2143.54,2188.74,2188.74,2258.67,2258.67,2347.35,2347.35,2394.89,2394.89,2404.16,2404.16
14,Nəsimi,1,1388.72,1362.25,1368.32,138616.0,1366.39,1371.04,1347.2,1420.62,1441.59,1433.19,1459.06,1524.59,1548.31,1630.39,1684.39,1684.27,1771.95,1741.8,1766.84,1756.83,1762.85,1773.68,1754.94,1754.78,1688.11,1688.11,1772.48,1810.55,1806.03,1783.65,1731.88,1688.42,1666.0,1579.3,1563.47,1563.47,1579.14,1662.2,1646.05,1629.73,1592.44,1582.38,1550.33,1575.7,1599.45,1600.6,1629.57,1604.51,1612.73,1622.53,1635.37,1617.26,1603.38,1609.56,1605.71,1664.25,1623.62,1634.64,1659.24,1601.61,1638.31,1656.84,1661.95,1643.51,1624.87,1637.75,1652.75,1643.69,1644.22,1650.15,1604.64,1619.34,1639.18,1654.94,1640.25,1673.15,1685.2,1653.54,1618.78,1584.71,1666.87,1678.36,1692.81,1687.92,1720.96,1739.82,1739.82,1647.22,1683.41,1659.06,1614.72,1647.57,1709.05,1709.05,1677.15,1629.67,1636.92,1633.89,1651.06,1670.7,1667.35,1639.66,1663.53,1663.62,1678.86,1698.44,1754.81,1718.41,1751.11,1751.11,1720.26,1720.26,1809.55,1809.55,1838.42,1838.42,1839.27,1839.27,1933.4,1933.4,2026.26,2026.26,2165.16,2165.16,2183.63,2183.63,2230.37,2230.37,2204.78,2204.78,2237.0,2237.0
15,Qaradağ,0,58784.0,80880.0,86870.0,81220.0,96133.0,1092.48,1078.14,1010.88,1094.38,95792.0,96517.0,93287.0,1153.49,1130.06,1036.86,1073.81,1116.05,1094.01,87377.0,1034.12,1013.55,87066.0,91518.0,82657.0,81261.0,81261.0,96657.0,1059.71,1043.87,1012.3,1001.15,99135.0,96371.0,95163.0,95012.0,95012.0,98278.0,98338.0,91652.0,93579.0,92821.0,93320.0,95516.0,99196.0,91444.0,89415.0,88907.0,84726.0,89654.0,1027.14,98453.0,95868.0,94401.0,94595.0,96226.0,98597.0,95655.0,99068.0,95984.0,89431.0,96339.0,1014.13,92999.0,88994.0,94834.0,92036.0,96959.0,96546.0,94629.0,88270.0,90557.0,96261.0,93581.0,93521.0,89404.0,89970.0,89714.0,93110.0,93776.0,93919.0,95396.0,95767.0,94348.0,94432.0,96256.0,95730.0,95730.0,93122.0,92371.0,92511.0,95376.0,95577.0,96242.0,96242.0,89925.0,91247.0,96719.0,99095.0,99673.0,99570.0,96747.0,1011.06,1039.91,99739.0,95501.0,98397.0,92871.0,94726.0,96803.0,96803.0,1005.31,1005.31,1079.66,1079.66,1056.3,1056.3,1072.49,1072.49,1106.3,1106.3,1063.32,1063.32,1132.83,1132.83,1255.5,1255.5,1152.71,1152.71,1202.16,1202.16,1293.09,1293.09
16,Qaradağ,2,50926.0,75463.0,1000.0,1000.0,1000.0,1000.0,1000.0,1000.0,1000.0,1000.0,1000.0,70833.0,70833.0,1081.08,1074.72,1023.89,85714.0,85714.0,88888.0,88889.0,88889.0,88889.0,1024.09,1024.09,1024.09,1024.09,1024.09,1024.09,1024.09,1024.09,94413.0,98879.0,87463.0,87463.0,87463.0,87463.0,87463.0,87463.0,87463.0,87463.0,87463.0,87463.0,87463.0,87463.0,87463.0,87463.0,87463.0,87463.0,87463.0,87463.0,87463.0,87463.0,87463.0,87463.0,87463.0,87463.0,87463.0,87463.0,87463.0,87463.0,87463.0,87463.0,87463.0,87463.0,87463.0,87463.0,87463.0,87463.0,87463.0,87463.0,87463.0,87463.0,87463.0,87463.0,87463.0,87463.0,87463.0,87463.0,87463.0,87463.0,87463.0,87463.0,87463.0,87463.0,87463.0,87463.0,87463.0,87463.0,87463.0,87463.0,87463.0,87463.0,87463.0,87463.0,87463.0,87463.0,87463.0,87463.0,87463.0,87463.0,87463.0,87463.0,87463.0,87463.0,87463.0,87463.0,87463.0,87463.0,87463.0,87463.0,87463.0,87463.0,87463.0,87463.0,87463.0,87463.0,87463.0,87463.0,87463.0,87463.0,87463.0,87463.0,87463.0,87463.0,1231.45,1231.45,1141.37,1141.37,1203.58,1203.58,1296.57,1296.57
17,Qaradağ,1,80000.0,86296.0,84682.0,81220.0,96133.0,1092.48,1078.14,1010.88,109438.0,95792.0,96517.0,115741.0,1153.49,1137.6,1028.25,1081.37,1134.54,1094.01,87288.0,1043.8,1013.55,87066.0,88795.0,88795.0,88795.0,88795.0,88795.0,88795.0,88795.0,88795.0,1021.52,99221.0,95108.0,95108.0,95108.0,95108.0,95108.0,95108.0,95108.0,95108.0,95108.0,95108.0,95108.0,95108.0,95108.0,95108.0,95108.0,95108.0,95108.0,95108.0,95108.0,95108.0,95108.0,95108.0,95108.0,95108.0,95108.0,95108.0,95108.0,95108.0,95108.0,95108.0,95108.0,95108.0,95108.0,95108.0,95108.0,95108.0,95108.0,95108.0,95108.0,95108.0,95108.0,95108.0,95108.0,95108.0,95108.0,95108.0,95108.0,95108.0,95108.0,95108.0,95108.0,95108.0,95108.0,95108.0,95108.0,95108.0,95108.0,95108.0,95108.0,95108.0,95108.0,95108.0,95108.0,95108.0,95108.0,95108.0,95108.0,95108.0,95108.0,95108.0,95108.0,95108.0,95108.0,95108.0,95108.0,95108.0,95108.0,95108.0,95108.0,95108.0,95108.0,95108.0,95108.0,95108.0,95108.0,95108.0,95108.0,95108.0,95108.0,95108.0,95108.0,95108.0,1285.57,1285.57,1180.65,1180.65,1198.82,1198.82,1281.15,1281.15
18,Sabunçu,0,71678.0,84715.0,86620.0,78427.0,92941.0,97143.0,1031.09,93067.0,91075.0,95898.0,96336.0,92704.0,96237.0,1014.79,1027.25,1062.86,1128.49,1153.25,1137.68,1103.94,1114.49,1116.46,1057.39,1055.87,1047.88,1047.88,1175.92,1179.5,1173.26,1156.07,1091.57,1071.61,1045.82,1013.32,98435.0,98435.0,1015.11,1075.05,1101.92,1101.04,1086.34,1100.08,1072.9,1080.6,1084.97,1064.85,1063.09,1067.11,1084.96,1089.29,1104.16,1119.78,1086.11,1105.53,1099.19,1078.83,1068.84,1079.41,1107.79,1087.85,1108.47,1141.61,1139.81,1132.38,1135.14,1153.6,1160.94,1129.43,1128.59,1132.41,1124.5,1149.09,1154.84,1162.98,1165.86,1149.51,1152.12,1152.01,1167.71,1172.37,1167.44,1161.6,1171.11,1165.23,1177.31,1187.51,1187.51,1192.11,1198.72,1209.92,1207.2,1209.12,1202.24,1202.24,1202.75,1205.47,1234.03,1236.51,1233.2,1228.2,1238.96,1229.49,1234.35,1244.64,1246.92,1249.45,1277.43,1288.86,1304.46,1304.46,1331.15,1331.15,1361.81,1361.81,1363.66,1363.66,1418.65,1418.65,1448.23,1448.23,1545.43,1545.43,1590.3,1590.3,1707.48,1707.48,1799.09,1799.09,1785.22,1785.22,1804.62,1804.62
19,Sabunçu,2,49426.0,54515.0,60121.0,60885.0,78882.0,80356.0,74402.0,72878.0,74136.0,80164.0,76408.0,72545.0,82289.0,88968.0,88548.0,89043.0,92599.0,91268.0,92294.0,97448.0,99665.0,1010.13,94703.0,95874.0,92958.0,92958.0,1042.99,95045.0,97024.0,99999.0,93423.0,92206.0,94326.0,93623.0,92444.0,92444.0,87447.0,89839.0,93281.0,96403.0,98771.0,97849.0,93616.0,94410.0,95471.0,93370.0,95093.0,96278.0,99060.0,97224.0,98237.0,99193.0,95601.0,98291.0,95837.0,96601.0,95507.0,98180.0,1040.97,98461.0,1012.53,1085.15,1094.36,1097.37,1104.7,1135.53,1145.84,1121.7,1098.83,1095.62,1094.24,1162.82,1160.42,1166.55,1178.46,1140.35,1139.64,1140.9,1166.69,1170.33,1148.29,1145.51,1155.86,1157.51,1181.58,1174.76,1174.76,1188.52,1177.93,1206.13,1189.76,1203.53,1196.88,1196.88,1206.11,1215.13,1235.44,1240.11,1237.39,1224.75,1236.58,1223.43,1210.32,1202.48,1227.45,1247.19,1305.53,1315.37,1335.41,1335.41,1363.69,1363.69,1428.09,1428.09,1422.64,1422.64,1442.51,1442.51,1487.58,1487.58,1586.95,1586.95,1631.73,1631.73,1776.77,1776.77,1864.76,1864.76,1813.07,1813.07,1835.46,1835.46
20,Sabunçu,1,91960.0,1109.76,1073.23,94471.0,97476.0,1048.17,1145.34,1051.81,1029.96,1079.61,1069.23,1084.53,1140.78,1165.38,1306.95,1280.65,1348.35,1313.63,1306.61,1223.57,1215.18,1205.36,1184.51,1146.93,1157.45,1157.45,1327.66,1370.1,1374.32,1332.12,1293.56,1224.15,1137.89,1095.3,1042.14,1042.14,1141.32,1212.7,1236.37,1196.2,1153.94,1183.56,1182.67,1188.0,1190.98,1170.81,1149.69,1143.72,1148.21,1172.99,1167.9,1186.23,1154.65,1181.03,1184.45,1162.19,1156.35,1145.04,1164.64,1178.19,1173.58,1170.81,1170.02,1153.71,1153.05,1164.49,1170.04,1134.04,1148.17,1155.39,1143.43,1140.8,1150.91,1160.56,1157.55,1154.71,1159.35,1158.48,1168.27,1173.46,1177.89,1172.16,1181.35,1170.38,1174.92,1194.94,1194.94,1194.38,1207.88,1211.84,1215.16,1212.14,1205.01,1205.01,1200.54,1199.15,1233.18,1234.43,1230.97,1230.03,1240.24,1233.08,1248.48,1269.18,1259.09,1250.73,1261.33,1272.68,1283.11,1283.11,1309.22,1309.22,1311.08,1311.08,1317.06,1317.06,1402.27,1402.27,1417.68,1417.68,1517.25,1517.25,1561.01,1561.01,1665.57,1665.57,1755.36,1755.36,1768.6,1768.6,1781.04,1781.04
21,Suraxanı,0,83659.0,85881.0,82994.0,85899.0,79946.0,87767.0,86497.0,98346.0,85580.0,92083.0,86223.0,86272.0,94532.0,92222.0,90775.0,1002.68,99650.0,1036.17,1043.03,1058.34,1060.86,1078.7,1079.24,1073.19,1062.78,1062.78,1202.83,1217.59,1175.89,1173.37,1133.26,1094.64,1055.82,1006.68,97006.0,97006.0,99184.0,1029.28,1024.89,1028.52,1000.03,99657.0,96504.0,97800.0,99355.0,98086.0,98802.0,1016.76,1007.68,99429.0,99963.0,1002.04,1005.81,1008.12,99848.0,1018.74,1021.26,99844.0,1010.71,1027.61,1003.36,1018.99,1023.39,1014.22,1002.86,1018.6,1026.48,1000.97,97787.0,98856.0,1021.31,1011.03,1023.29,1021.96,1025.31,1034.31,1017.45,1037.11,1041.05,1028.63,1044.95,1035.57,1025.41,1037.89,1050.67,1048.54,1048.54,1037.23,1035.87,1042.28,1047.91,1057.24,1066.56,1066.56,1074.27,1067.75,1071.49,1092.8,1093.23,1097.62,1097.8,1081.9,1077.8,1104.17,1104.98,1091.56,1089.45,1099.82,1115.92,1115.92,1150.53,1150.53,1187.07,1187.07,1208.11,1208.11,1235.65,1235.65,1272.62,1272.62,1360.5,1360.5,1371.28,1371.28,1406.26,1406.26,1494.79,1494.79,1512.32,1512.32,1537.49,1537.49
22,Suraxanı,2,64315.0,66398.0,65403.0,83943.0,67229.0,73491.0,62145.0,69312.0,66837.0,68991.0,66778.0,67924.0,80121.0,80161.0,85450.0,76406.0,74371.0,76016.0,88913.0,89383.0,98223.0,1030.69,1111.19,1006.98,97340.0,97340.0,89481.0,88967.0,81702.0,97392.0,85515.0,82817.0,77843.0,76242.0,7574.0,7574.0,95479.0,96941.0,88148.0,91109.0,89200.0,88738.0,91345.0,91925.0,93772.0,85669.0,92293.0,91630.0,90652.0,85993.0,77711.0,91473.0,92850.0,98724.0,92800.0,94526.0,89829.0,92636.0,90323.0,1048.24,96675.0,92718.0,98073.0,91491.0,94021.0,99510.0,99037.0,91281.0,86572.0,92267.0,96048.0,94728.0,96678.0,97156.0,95247.0,98129.0,99438.0,1013.32,1056.94,1016.1,1003.16,96455.0,95188.0,1018.74,1075.75,1004.11,1004.11,1049.09,97248.0,97316.0,1003.46,98998.0,1007.52,1007.52,1025.5,1031.89,1020.58,1093.56,1092.38,1065.48,1072.53,1030.38,1028.64,1080.33,1097.01,1047.21,1035.49,1065.73,1107.4,1107.4,1168.39,1168.39,1189.89,1189.89,1225.6,1225.6,1219.26,1219.26,1279.69,1279.69,1384.94,1384.94,1374.63,1374.63,1423.99,1423.99,1473.19,1473.19,1482.08,1482.08,1523.73,1523.73
23,Suraxanı,1,88762.0,90932.0,86903.0,86300.0,82066.0,90890.0,91232.0,1039.92,93613.0,1023.47,94557.0,96190.0,99438.0,1084.12,1074.99,1097.13,1101.83,1156.01,1081.12,1106.04,1082.93,1079.61,1063.83,1088.93,1065.91,1065.91,1259.43,1277.82,1253.19,1206.88,1195.06,1132.88,1107.66,1045.76,99545.0,99545.0,99719.0,1036.27,1057.08,1056.7,1018.66,1016.26,97596.0,98968.0,1004.22,99699.0,99676.0,1028.39,1018.96,1014.34,1028.19,1014.02,1011.5,1011.55,1008.65,1032.45,1039.35,1013.2,1030.67,1023.84,1007.49,1037.36,1030.42,1029.81,1013.34,1022.64,1032.2,1015.34,99559.0,1001.31,1035.54,1021.99,1034.12,1031.05,1037.6,1039.5,1019.6,1040.12,1038.21,1031.33,1052.89,1048.68,1037.97,1041.09,1047.44,1056.74,1056.74,1034.79,1049.63,1057.79,1056.73,1075.94,1084.56,1084.56,1088.27,1077.55,1087.46,1092.57,1093.5,1108.78,1106.17,1097.08,1093.44,1111.83,1107.42,1003.23,1106.44,1109.67,1118.61,1118.61,1144.99,1144.99,1186.26,1186.26,1201.99,1201.99,1241.08,1241.08,1269.43,1269.43,1345.05,1345.05,1369.39,1369.39,1400.22,1400.22,1503.58,1503.58,1524.48,1524.48,1543.72,1543.72
24,Səbail,0,1792.17,1593.25,1562.51,1484.74,1645.76,1801.72,1811.43,1758.47,2023.29,1968.04,2077.68,2020.38,2011.64,2051.32,2229.51,2193.15,2186.22,2163.2,2127.75,2196.69,2201.33,2273.94,2331.16,2244.93,2200.43,2200.43,2307.01,2302.22,2299.7,2266.77,2214.53,2180.28,2086.27,2044.83,2025.39,2025.39,2145.31,2152.3,2258.35,2298.32,2247.28,2235.46,2191.22,2178.04,2115.3,2235.7,2422.34,2391.75,2314.87,2301.73,2297.6,2171.27,2274.16,2204.01,2210.95,2173.87,2096.71,2210.03,2291.56,2296.99,2190.78,2123.1,2127.28,2151.73,2154.23,2172.11,2173.75,2171.67,2315.42,2228.66,2218.34,2247.38,2305.36,2366.9,2345.85,2325.52,2280.01,2312.03,2419.63,2420.64,2298.65,2251.06,2323.2,2359.5,2370.87,2331.79,2331.79,2028.44,2200.4,2163.62,2271.06,2286.12,2288.38,2288.38,2241.17,2145.5,2125.06,2145.34,2196.9,2310.09,2198.91,2221.66,2314.48,2265.71,2153.0,2218.69,2222.96,2225.52,2206.95,2206.95,2180.47,2180.47,2181.69,2181.69,2202.08,2202.08,2242.76,2242.76,2325.51,2325.51,2386.32,2386.32,2431.66,2431.66,2502.06,2502.06,2587.99,2587.99,2580.98,2580.98,2615.23,2615.23
25,Səbail,2,1653.47,1432.65,1364.67,1302.55,1581.34,1641.2,1852.21,1742.13,1836.94,1971.37,1833.12,1783.22,1850.47,1847.14,1863.69,1769.81,1895.54,1855.53,1774.67,1904.1,2008.27,2189.71,2198.49,2027.51,2043.84,2043.84,2090.44,2017.88,1965.07,1840.82,1837.82,1818.63,1805.3,1772.15,1760.81,1760.81,1854.65,1985.64,2317.8,2405.08,2426.23,2333.61,2236.96,2202.08,1955.9,2136.99,2411.79,2287.5,2317.41,2298.84,2091.35,1957.4,2085.55,1971.1,1892.05,1878.12,1761.55,2023.61,2149.92,2329.05,2005.13,1888.2,1899.27,1991.23,1936.47,1864.58,1956.71,1950.45,2033.37,1909.83,1982.15,2084.27,2088.03,2131.97,2029.82,2012.79,1914.68,1921.53,2119.65,2249.45,1985.14,2037.67,2089.03,1996.74,2055.76,1949.07,1949.07,1725.18,1944.78,1988.74,2043.0,2047.44,2032.6,2032.6,1935.58,1928.3,1909.45,1862.4,1908.77,2175.78,2088.65,2044.26,2161.37,2082.93,1939.56,2010.72,2067.77,2117.22,2095.4,2095.4,2065.56,2065.56,2106.76,2106.76,2147.34,2147.34,2160.1,2160.1,2183.03,2183.03,2220.49,2220.49,2277.97,2277.97,2374.68,2374.68,2406.77,2406.77,2306.26,2306.26,2440.09,2440.09
26,Səbail,1,1921.35,1663.69,1621.51,1617.26,1664.5,1849.66,1798.23,1764.64,2073.76,1967.13,2138.05,2083.72,2060.45,2122.78,2352.58,2366.7,2319.22,2308.53,2275.48,2325.43,2274.13,2297.42,2390.52,2350.7,2253.45,2253.45,2386.57,2433.93,2431.57,2407.08,2383.63,2242.25,2162.1,2133.87,2115.07,2115.07,2247.73,2250.23,2241.22,2249.96,2158.53,2190.64,2170.68,2168.25,2174.25,2270.02,2427.22,2444.08,2313.23,2308.01,2407.09,2275.35,2354.03,2308.81,2390.34,2326.55,2253.52,2307.52,2375.35,2278.94,2298.33,2294.42,2291.28,2263.28,2283.35,2345.16,2300.22,2308.85,2472.35,2426.19,2383.1,2354.2,2429.2,2490.95,2520.87,2487.24,2463.14,2535.33,2604.31,2553.34,2503.01,2409.75,2496.75,2621.9,2612.13,2610.81,2610.81,2300.82,2412.86,2305.96,2465.89,2502.11,2511.97,2511.97,2489.24,2397.03,2358.17,2420.34,2478.01,2422.38,2311.69,2409.01,2548.32,2434.86,2359.46,2466.75,2424.18,2338.98,2233.19,2233.19,2329.3,2329.3,2257.51,2257.51,2280.75,2280.75,2371.53,2371.53,2538.78,2538.78,2633.76,2633.76,2622.75,2622.75,2718.54,2718.54,2847.98,2847.98,3013.78,3013.78,2851.24,2851.24
27,Xətai,0,84471.0,90138.0,90430.0,87700.0,90536.0,91207.0,92023.0,94491.0,99189.0,1031.56,1046.22,1098.17,1113.18,1154.57,1241.85,1260.65,1260.95,1280.54,1287.37,1288.74,1296.87,1300.54,1303.8,1299.69,1266.22,1266.22,1335.85,1352.82,1339.73,1310.64,1276.81,1281.8,1241.72,1194.32,1167.84,1167.84,1163.18,1208.42,1216.29,1207.47,1192.57,1186.22,1186.86,1218.79,1221.02,1221.85,1232.21,1231.56,1239.78,1262.51,1253.92,1250.61,1263.04,1253.73,1250.94,1256.25,1249.73,1275.36,1292.08,1264.07,1277.19,1286.06,1275.19,1305.53,1291.56,1309.48,1310.74,1282.88,1311.55,1309.97,1314.72,1322.23,1328.97,1337.2,1346.82,1355.24,1365.22,1358.75,1359.12,1353.16,1368.13,1368.29,1392.78,1376.42,1383.73,1381.44,1381.44,1378.85,1378.47,1374.33,1352.55,1369.29,1393.08,1393.08,1398.16,1382.62,1376.85,1384.48,1399.49,1425.47,1450.41,1462.93,1470.55,1493.16,1498.51,1493.89,1494.75,1495.08,1487.92,1487.92,1498.6,1498.6,1509.28,1509.28,1528.87,1528.87,1584.48,1584.48,1635.31,1635.31,1754.01,1754.01,1822.5,1822.5,1909.27,1909.27,1945.84,1945.84,1956.58,1956.58,1997.89,1997.89
28,Xətai,2,79644.0,83502.0,82429.0,81582.0,83011.0,85577.0,88190.0,89372.0,94887.0,99811.0,1012.22,1083.43,1086.43,1131.89,1239.77,1256.54,1264.05,1282.49,1289.16,1300.22,1310.06,1309.58,1317.49,1322.58,1285.03,1285.03,1326.57,1336.0,1313.11,1284.27,1269.34,1287.23,1240.69,1206.4,1188.65,1188.65,1179.74,1227.62,1243.49,1232.34,1209.98,1207.19,1214.32,1253.94,1251.32,1244.88,1259.91,1259.14,1266.36,1295.95,1296.37,1277.94,1303.39,1292.55,1298.51,1304.43,1291.27,1328.77,1332.99,1297.62,1314.12,1323.48,1310.45,1350.86,1334.05,1349.72,1356.38,1326.63,1357.61,1354.3,1362.77,1367.97,1383.69,1394.96,1410.29,1425.9,1436.0,1425.03,1420.54,1420.65,1434.75,1432.39,1457.16,1444.15,1461.17,1461.39,1461.39,1448.04,1442.16,1438.9,1412.81,1425.94,1450.82,1450.82,1450.76,1425.18,1421.42,1434.06,1456.04,1489.21,1524.3,1536.58,1550.13,1564.57,1569.58,1558.27,1552.83,1549.03,1537.78,1537.78,1553.17,1553.17,1570.1,1570.1,1598.0,1598.0,1661.9,1661.9,1710.23,1710.23,1836.15,1836.15,1889.27,1889.27,1977.75,1977.75,1993.28,1993.28,2015.82,2015.82,2071.11,2071.11
29,Xətai,1,96776.0,1032.97,1028.21,1003.55,1032.22,1003.35,100136.0,1028.01,1060.99,1089.62,1109.72,1128.76,1175.05,1206.33,1247.45,1270.15,1252.12,1275.44,1283.1,1260.59,1264.53,1276.36,1269.97,1241.38,1220.01,1220.01,1357.02,1394.22,1389.9,1374.54,1295.52,1270.98,1242.09,1173.31,1127.66,1127.66,1130.07,1170.64,1166.99,1162.68,1160.75,1151.76,1135.91,1149.18,1157.36,1170.25,1173.57,1170.69,1190.7,1204.01,1180.1,1201.11,1194.52,1187.45,1169.22,1174.27,1190.51,1196.92,1223.99,1206.0,1217.71,1224.21,1214.98,1229.32,1218.49,1231.4,1224.44,1206.04,1227.81,1231.2,1225.12,1235.38,1230.88,1233.71,1233.99,1228.05,1236.22,1229.38,1236.48,1231.29,1245.13,1244.61,1267.25,1245.26,1224.23,1234.89,1234.89,1236.07,1249.85,1245.51,1240.54,1261.8,1277.2,1277.2,1264.69,1274.89,1273.0,1276.53,1277.13,1286.52,1271.75,1286.82,1286.05,1317.66,1315.26,1316.19,1335.05,1338.13,1346.72,1346.72,1352.57,1352.57,1362.76,1362.76,1384.98,1384.98,1425.9,1425.9,1463.86,1463.86,1568.7,1568.7,1662.57,1662.57,1730.2,1730.2,1819.34,1819.34,1807.14,1807.14,1831.3,1831.3
30,Yasamal,0,1133.55,1129.33,1150.94,1193.44,1208.61,1186.02,1206.26,1217.31,1264.55,1310.07,1295.14,1298.33,1327.83,1398.14,1477.51,1498.31,1545.24,1523.28,1524.02,1577.93,1586.5,1584.06,1578.82,1543.42,1495.76,1495.76,1545.54,1547.2,1539.31,1537.89,1501.46,1494.15,1444.38,1408.28,1385.13,1385.13,1406.23,1430.6,1445.67,1448.71,1439.17,1437.86,1434.06,1436.02,1392.73,1399.49,1440.71,1451.08,1454.26,1472.35,1479.67,1468.1,1458.64,1433.35,1415.63,1407.83,1411.97,1424.94,1400.01,1411.73,1398.01,1393.85,1400.71,1418.02,1413.02,1396.82,1425.52,1420.61,1422.69,1426.46,1426.35,1434.0,1444.58,1442.01,1457.99,1417.15,1410.74,1424.94,1448.91,1447.23,1467.46,1483.38,1496.24,1491.3,1503.09,1514.77,1514.77,1534.96,1514.36,1521.61,1533.39,1550.17,1572.9,1572.9,1561.77,1557.7,1567.76,1569.15,1578.41,1574.28,1607.24,1598.29,1596.59,1599.57,1609.89,1617.43,1638.11,1653.63,1674.84,1674.84,1674.53,1674.53,1720.15,1720.15,1721.2,1721.2,1747.14,1747.14,1802.55,1802.55,1933.19,1933.19,1984.18,1984.18,2037.48,2037.48,2107.12,2107.12,2132.05,2132.05,2147.68,2147.68
31,Yasamal,2,1109.14,1047.53,1077.28,1183.49,1111.25,1076.27,1097.08,1129.37,1197.53,1248.09,1236.3,1227.17,1245.87,1305.95,1089.86,1411.34,1465.69,1447.23,1431.46,1479.45,1509.32,1501.94,1499.1,1482.45,1412.23,1412.23,1447.53,1453.46,1437.09,1448.5,1427.22,1405.49,1351.73,1323.14,1309.51,1309.51,1331.52,1365.19,1384.72,1386.31,1370.35,1369.33,1376.92,1380.91,1325.55,1333.08,1382.34,1405.07,1401.48,1418.68,1426.01,1417.53,1408.49,1377.87,1347.77,1349.11,1348.72,1366.27,1344.49,1355.24,1329.11,1327.6,1336.52,1355.91,1360.15,1340.68,1356.27,1359.97,1368.05,1369.0,1371.14,1379.99,1384.47,1375.84,1401.49,1354.77,1345.93,1370.37,1397.08,1385.32,1409.97,1440.46,1456.12,1452.45,1466.94,1478.38,1478.38,1501.82,1478.28,1483.41,1495.61,1516.88,1543.79,1543.79,1535.32,1528.46,1539.29,1545.18,1560.22,1555.71,1600.56,1595.92,1588.04,1582.47,1591.6,1598.48,1630.47,1637.12,1669.63,1669.63,1665.11,1665.11,1706.03,1706.03,1709.03,1709.03,1738.8,1738.8,1783.99,1783.99,1916.23,1916.23,1968.72,1968.72,2020.76,2020.76,2066.52,2066.52,2105.07,2105.07,2123.23,2123.23
32,Yasamal,1,1222.45,1268.88,1248.69,1220.7,1347.95,1348.39,1339.81,1374.64,1384.72,1425.01,1416.84,1461.21,1508.88,1590.75,1650.87,1705.96,1736.11,1694.21,1713.7,1743.57,1730.61,1725.07,1733.65,1687.82,1664.78,1664.78,1716.85,1730.43,1735.92,1693.06,1653.57,1655.37,1632.69,1576.17,1545.13,1545.13,1547.59,1567.42,1582.32,1581.65,1580.99,1571.75,1559.17,1562.86,1554.25,1557.07,1556.06,1552.06,1578.23,1595.72,1600.3,1579.77,1568.37,1571.73,1596.14,1580.33,1581.54,1621.46,1598.9,1589.61,1611.77,1615.5,1625.34,1633.15,1628.77,1630.02,1666.71,1630.25,1616.29,1616.33,1605.6,1602.78,1622.87,1639.35,1632.88,1611.22,1616.23,1603.85,1602.44,1628.56,1638.66,1630.12,1634.25,1632.42,1640.92,1635.07,1635.07,1644.16,1648.21,1650.73,1656.75,1662.58,1678.21,1678.21,1653.45,1660.47,1670.42,1649.5,1638.7,1633.48,1627.8,1605.49,1625.43,1658.77,1672.51,1679.71,1663.71,1708.45,1692.37,1692.37,1707.79,1707.79,1771.86,1771.86,1771.31,1771.31,1778.94,1778.94,1874.83,1874.83,2002.16,2002.16,2042.89,2042.89,2120.06,2120.06,2259.26,2259.26,2271.84,2271.84,2226.74,2226.74
